{
	"description": "项目配置文件。",
	"setting": {
		"urlCheck": true,
		"es6": true,
		"postcss": true,
		"minified": true,
		"newFeature": true,
		"autoAudits": false,
		"uglifyFileName": true,
		"checkInvalidKey": true
	},
	"compileType": "miniprogram",
	"libVersion": "1.9.94",
	"appid": "wx69327bfafa39d94a",
	"projectname": "HomeMory",
	"isGameTourist": false,
	"simulatorType": "wechat",
	"simulatorPluginLibVersion": {},
	"condition": {
		"search": {
			"current": -1,
			"list": []
		},
		"conversation": {
			"current": -1,
			"list": []
		},
		"plugin": {
			"current": -1,
			"list": []
		},
		"game": {
			"currentL": -1,
			"list": []
		},
		"miniprogram": {
			"current": 2,
			"list": [
				{
					"id": 0,
					"name": "群分享",
					"pathName": "pages/main/main",
					"query": "",
					"scene": 1044,
					"shareInfo": {
						"groupName": "测试模拟群0",
						"shareName": "-MFudsrQrNYqZiOnwi19VLR72rY15GOkKuFRx5hIuZo@cr4dev",
						"shareKey": "oAK0cNxjkx3yyObaPdTu8NppMJlZ3IAl-hLQrUeScMLLIrvwLESzweKt6huloi6NUqDZjlyqj2zsOZsNqgcakg~~"
					}
				},
				{
					"id": -1,
					"name": "群分享",
					"pathName": "pages/main/main",
					"query": "",
					"scene": 1007
				},
				{
					"id": -1,
					"name": "加入",
					"pathName": "pages/start/start",
					"query": "homeId= 27",
					"scene": 1007
				}
			]
		}
	}
}